"id","student_id","batch_id","month","amount","date","recorded_by","status","added_by"
"3","5","7","January","1500","2026-04-07 04:50:04.620724","3","Pending","Md Javed Iqbal"
"4","5","7","February","1500","2026-04-07 04:50:28.04639","3","Pending","Md Javed Iqbal"
"5","5","7","March","1500","2026-04-07 04:50:47.328256","3","Pending","Md Javed Iqbal"
"8","6","7","January","1500","2026-04-07 09:14:05.871357","3","Pending","Md Javed Iqbal"
"9","23","7","January","1500","2026-04-07 09:14:28.744913","3","Pending","Md Javed Iqbal"
"10","13","7","February","1500","2026-04-07 09:16:47.42806","3","Pending","Md Javed Iqbal"
"11","16","7","January","1000","2026-04-07 09:17:22.149848","3","Pending","Md Javed Iqbal"
"12","16","7","February","1000","2026-04-07 09:17:51.656909","3","Pending","Md Javed Iqbal"
"13","15","7","February","1500","2026-04-07 09:18:51.832188","3","Pending","Md Javed Iqbal"
"14","10","7","February","800","2026-04-07 09:19:32.135891","3","Pending","Md Javed Iqbal"
"15","19","7","January","1000","2026-04-07 09:22:28.561418","11","Pending","Sajjadul Islam Rasel"
"16","8","7","January","1500","2026-04-07 09:22:52.372822","11","Pending","Sajjadul Islam Rasel"
"17","11","7","January","1500","2026-04-07 09:23:17.129704","11","Pending","Sajjadul Islam Rasel"
"18","7","7","January","1000","2026-04-07 09:23:43.124178","11","Pending","Sajjadul Islam Rasel"
"19","19","7","February","1000","2026-04-07 09:24:06.510189","11","Pending","Sajjadul Islam Rasel"
"20","6","7","February","1500","2026-04-07 09:24:34.797392","11","Pending","Sajjadul Islam Rasel"
"21","8","7","February","1500","2026-04-07 09:25:10.67602","11","Pending","Sajjadul Islam Rasel"
"22","85","7","February","1000","2026-04-07 09:25:36.507603","11","Pending","Sajjadul Islam Rasel"
"23","102","7","January","800","2026-04-07 09:26:34.843474","11","Pending","Sajjadul Islam Rasel"
"24","102","7","February","800","2026-04-07 09:26:50.639887","11","Pending","Sajjadul Islam Rasel"
"25","23","7","February","1500","2026-04-07 09:27:04.778715","11","Pending","Sajjadul Islam Rasel"
"26","11","7","February","1500","2026-04-07 09:27:16.713685","11","Pending","Sajjadul Islam Rasel"
"27","80","7","February","1000","2026-04-07 09:28:09.284849","11","Pending","Sajjadul Islam Rasel"
"28","20","7","January","1000","2026-04-07 09:28:43.610847","11","Pending","Sajjadul Islam Rasel"
"29","20","7","February","1000","2026-04-07 09:28:55.713188","11","Pending","Sajjadul Islam Rasel"
"30","9","7","January","1000","2026-04-07 09:29:20.999158","11","Pending","Sajjadul Islam Rasel"
"31","9","7","February","1000","2026-04-07 09:29:34.186631","11","Pending","Sajjadul Islam Rasel"
"32","7","7","February","1000","2026-04-07 09:30:17.0032","11","Pending","Sajjadul Islam Rasel"
"33","83","7","February","1000","2026-04-07 09:30:57.523581","11","Pending","Sajjadul Islam Rasel"
"34","7","7","March","1000","2026-04-07 09:42:28.334325","3","Pending","Md Javed Iqbal"
"35","23","7","March","1500","2026-04-07 09:43:05.102341","3","Pending","Md Javed Iqbal"
"36","128","4","March","800","2026-04-07 09:44:21.72628","3","Pending","Md Javed Iqbal"
"37","128","4","February","800","2026-04-07 09:44:34.933048","3","Pending","Md Javed Iqbal"
"38","68","3","March","800","2026-04-07 09:45:02.044296","3","Verified","Md Javed Iqbal"
"39","88","3","March","800","2026-04-07 09:45:29.853512","3","Pending","Md Javed Iqbal"
"40","97","3","March","800","2026-04-07 09:46:05.101328","3","Pending","Md Javed Iqbal"
"41","26","6","March","1500","2026-04-07 09:47:21.46526","3","Pending","Md Javed Iqbal"
"42","39","6","March","1500","2026-04-07 09:47:52.164079","3","Pending","Md Javed Iqbal"
"43","95","7","February","800","2026-04-07 09:48:26.669189","3","Pending","Md Javed Iqbal"
"44","92","3","March","800","2026-04-07 09:50:35.543416","3","Pending","Md Javed Iqbal"
"45","86","3","January","700","2026-04-08 02:23:00.874657","12","Pending","Arnab Das"
"46","71","3","January","800","2026-04-08 02:24:06.909643","11","Pending","Sajjadul Islam Rasel"
"47","75","3","January","800","2026-04-08 02:24:34.222358","11","Pending","Sajjadul Islam Rasel"
"48","68","3","January","800","2026-04-08 02:25:17.431435","11","Pending","Sajjadul Islam Rasel"
"49","82","3","January","800","2026-04-08 02:25:49.468799","11","Pending","Sajjadul Islam Rasel"
"50","84","3","January","800","2026-04-08 02:26:46.490526","11","Pending","Sajjadul Islam Rasel"
"51","77","3","January","800","2026-04-08 02:27:17.724006","11","Pending","Sajjadul Islam Rasel"
"52","92","3","January","800","2026-04-08 02:27:48.410731","11","Pending","Sajjadul Islam Rasel"
"53","60","3","January","600","2026-04-08 02:28:25.672099","11","Pending","Sajjadul Islam Rasel"
"54","91","3","January","800","2026-04-08 02:29:00.565305","3","Pending","Md Javed Iqbal"
"55","79","3","February","600","2026-04-08 02:29:59.465442","11","Pending","Sajjadul Islam Rasel"
"56","86","3","February","700","2026-04-08 02:30:27.464641","12","Pending","Arnab Das"
"57","71","3","February","800","2026-04-08 02:31:01.150379","3","Pending","Md Javed Iqbal"
"58","68","3","February","800","2026-04-08 02:31:30.44512","3","Pending","Md Javed Iqbal"
"59","75","3","February","800","2026-04-08 02:31:51.565371","11","Pending","Sajjadul Islam Rasel"
"60","99","3","February","400","2026-04-08 02:32:47.044402","11","Pending","Sajjadul Islam Rasel"
"61","97","3","February","800","2026-04-08 02:33:31.117245","11","Pending","Sajjadul Islam Rasel"
"62","91","3","February","800","2026-04-08 02:34:01.414882","12","Pending","Arnab Das"
"63","77","3","February","800","2026-04-08 02:34:31.875488","11","Pending","Sajjadul Islam Rasel"
"64","88","3","February","800","2026-04-08 02:35:14.2264","11","Pending","Sajjadul Islam Rasel"
"65","94","3","February","800","2026-04-08 02:35:50.355853","11","Pending","Sajjadul Islam Rasel"
"66","60","3","February","600","2026-04-08 02:36:09.933222","11","Pending","Sajjadul Islam Rasel"
"67","115","3","February","800","2026-04-08 02:37:08.29009","11","Pending","Sajjadul Islam Rasel"
"68","118","3","February","800","2026-04-08 02:37:34.035381","12","Pending","Arnab Das"
"69","109","3","February","500","2026-04-08 02:38:12.922093","3","Pending","Md Javed Iqbal"
"70","108","3","February","500","2026-04-08 02:38:51.935669","11","Pending","Sajjadul Islam Rasel"
"71","110","3","February","500","2026-04-08 02:39:53.886104","3","Pending","Md Javed Iqbal"
"72","111","3","February","500","2026-04-08 02:41:04.046318","12","Pending","Arnab Das"
"73","112","3","February","400","2026-04-08 02:41:30.850351","12","Pending","Arnab Das"
"74","77","3","March","800","2026-04-08 02:44:38.340743","12","Pending","Arnab Das"